gender	name
f	AL DABAGHY CAMILLE
f	ALLE CAMILLE
f	ALTUN EVSEN
m	AMADO-BORTHAYRE LONTZI
m	ANDOLFATTO DOMINIQUE
f	ANDRIAMASINORO VAKANA
f	BEDOCK CAMILLE
m	BERNDTSON ERKKI
m	BISOPOULOS ANASTASIOS
f	BOUBAL CAMILLE
f	BRITO ZAYLIN
m	BUCHSTEIN HUBERTUS
m	CARDON DOMINIQUE
f	CARTER CAITRIONA
f	CASTANEDA DORLY
m	CHAPPE VINCENT-ARNAUD
f	CHI EUNJU
f	CHOLOVA BLAGOVESTA
f	CHUNG RYOA
f	COEFFIC AUDE KHALYLA
m	COLAS DOMINIQUE
m	CONNAN DOMINIQUE
f	CONSTANTIN ANEMONA
m	CORTINAS JOAN
f	CUSSO ROSER
m	DARBON DOMINIQUE
m	DARGENT CLAUDE
f	DAVID MERYLL
m	DE JONGH MAURITS
f	DE PRYCK KARI
f	DEAS JOAN
f	DEMERTZIS VAIA
f	DEVAUX CAMILLE
m	DIAMANTI ILVO
m	DIDRY CLAUDE
m	DIENG MODA
m	DIMITROV RADOSLAV
f	DRAKE HELEN
f	DUMITRU SPERANTA
m	DUPRET BEAUDOIN
f	DUPUY CAMILLE
m	EMERI CLAUDE
f	FELICETTI ANDREA
f	FERNANDEZ PASARIN ANA MAR
f	FRISQUE CEGOLENE
f	FROIDEVAUX-METTERIE CAMILLE
f	GALIBERT ALIX
m	GARDENIER MATTHIJS
f	GASNIER CAMILLE
f	GASPARD HELAINA
f	GELLIBERT MISHELLE
m	GEORGIOU CHRISTAKIS
m	GIESEN KLAUS-GERD
m	GILBERT CLAUDE
f	GOIRAND CAMILLE
f	GOKCE TUNCEL
m	GRAJALES JACOBO
f	GREEN MANDA
m	GRZYBOWSKI JANIS
f	GUIDI DILETTA
m	GUITTET EMMANUEL-PIERRE
m	GUL VOLKA
f	HAMIDI CAMILLE
f	HERLIN-GIRET CAMILLE
f	HIEBEL DOMINIQUE
f	HIRSCH YAEL
m	HYEOK KWON
m	INENAGA YUSUKE
m	JOYE DOMINIQUE
f	KALIBATAITE ZIVILE
f	KASTORYANO RIVA
f	KATAYOUN SAFI
f	KAYA SUMBUL
f	KELBEL CAMILLE
f	KEYHANI NARGUESSE
f	KLEIN ASMARA
m	KLIMA MICHAL
f	KNUDSEN ANN-CHRISTINA
m	KRYZHANOUSKI YAUHENI
f	LANCELEVEE CAMILLE
f	LAPORTE CAMILLE
f	LARCHER SILYANE
f	LECHAUX BLEUWENN
m	LEE KILHO
f	LENDARO ANNALISA
m	LENGAUER GUENTHER
m	LIEKIS SARUNAS
m	LINHARDT DOMINIQUE
f	MAINSANT GWENAELLE
m	MARCUS GEORGE
m	MARTIN CLAUDE
f	MASCLET CAMILLE
f	MAYER NONNA
f	MAZE CAMILLE
m	MCCALL CATHAL
m	MEUNIER JULES-MATHIEU
m	MEYER ALIX
f	MICHONOVA ROUMIANA
m	MIKAIL BARAH
f	MITSUSHIMA NAGISA
f	MORNINGTON ALICIA-DOROTHY
m	NAKAMURA MASAHARU
m	ORR GRAEME
m	PAGE ED
f	PALM ELIN
f	PAVARD BIBIA
m	PEUGNY CAMILLE
f	POPINEAU CAMILLE
m	PORTO DE OLIVEIRA OSMANY
m	POUPEAU FRANCOIS-MATHIEU
m	PRATCHETT LAWRENCE
f	PROESCHEL CLAUDE
m	RAJEEV GOWDA
m	RAMIREZ PEREZ SIGFRIDO
m	REUCHAMPS MIN
m	RHEE YANGHO
f	RINNE JENNI
m	RITTELMEYER YANN-SVEN
f	RODRIGUEZ BLANCO MARICEL
f	RONDOT CAMILLE
m	ROSHCHIN EVGENY
m	ROTH ANDRE-NOEL
m	SABITOV RICHAT
m	SAINOVIC ARDIJAN
f	SCANLON RAUSCH MARY
f	SCHLIMMER SINA
m	SEILER DANIEL-LOUIS
f	SEREQUEBERHAN HEWANE
f	SERRANO YENY
f	SHIM SUNGEUN
f	SHUKAN IOULIA
m	SIDI MOUSSA NEDJIB
m	SOO SIM HEUNG
f	SOULE-KOHNDOU FOLASHADE
m	SRIDHARAN ESWARAN
f	TANNOUS MANON-NOUR
m	TAUT CODRIN
f	TOMAS FORNES MARIONA
f	TONISMANN TEELE
f	TOPCU SEZIN
m	TOPLAK JURIJ
f	TRAN THINGOCNHUNG
m	TROM DANNY
m	TURAN ILTER
m	VAN DER EIJK CEES
m	VASILOPOULOS PAVLOS
m	VASSALOS YIORGOS
f	VIVI KEFALA
m	VLASSIS ANTONIOS
m	VLOEBERGHS WARD
m	VON NOSTITZ FELIX-CHRISTOPHER
m	WALGRAVE STEFAAN
m	WANG SHUNZHU
f	WANG SIMENG
m	WHITESIDE KERRY
m	WU CHUNG-LI
f	XING JINGYUE
m	YON KAREL
f	YOUSSEF MAAI
f	ZAMBRZYCKI DUTRA WALKIRIA
